Scale,Seeds,BE integrated RMSE,BE integrated CI,Gen2 integrated RMSE,Gen2 integrated CI,Relative improvement,BE t0 RMSE,BE t0 CI,Gen2 t0 RMSE,Gen2 t0 CI,BE runtime,BE runtime CI,Gen2 runtime,Gen2 runtime CI,BE mode bandwidth,Gen2 mode bandwidth
Small,10,0.07907505006849311,0.0066250981938754646,0.07211253439284264,0.01227523351268219,0.08804946275240658,0.09352387270154269,0.006742392008063097,0.0909648194801255,0.018369726045333504,0.004283736400009275,8.591856730489487e-05,0.009061548900012895,0.0002906796627784942,4,4
Medium,10,0.11765933471450955,0.008679192180194147,0.07275429078256881,0.006276987348484148,0.3816530498060272,0.1453714090251578,0.015184343021595072,0.09436286746347132,0.010197167663297264,0.0046243519000086055,0.00024827974213078436,0.009389970100016853,0.0001390554255485287,4,4
Large,5,0.4021635687618018,0.0626142880748922,0.28421386507769264,0.06067991800500026,0.2932878879289283,0.5082628451321176,0.11192666528315455,0.3584725035302852,0.1118270182099742,0.01196912099999281,0.0005644565699805566,0.023380912399966293,0.0007049661171130767,4,4
