task,label,method,bandwidth_steps,validation_score,t0_rmse,integrated_rmse,runtime_sec
small_pendulum,Small,BE,0,0.009912033047595087,0.07567287844703584,0.06877922123922978,0.003506541999968249
small_pendulum,Small,BE,1,0.006468559486600517,0.07970933559720332,0.07008043313746906,0.0043818909998663
small_pendulum,Small,BE,2,0.004567094352046531,0.0821713817626643,0.07114073246208448,0.004409749000160446
small_pendulum,Small,BE,4,0.003083905126145555,0.07317360078864274,0.07300272596050174,0.004534875999979704
small_pendulum,Small,Generator,0,0.1541108441659541,0.23588601777022017,0.16047596353601098,0.006644831999892631
small_pendulum,Small,Generator,1,0.09553757661440761,0.17601122420732251,0.1254087881050514,0.008601039000041055
small_pendulum,Small,Generator,2,0.06787690150691672,0.1121443695735671,0.089903052593537,0.009007103999920218
small_pendulum,Small,Generator,4,0.04630546512646296,0.06524593221860243,0.06706710132797154,0.00910706000013306
